{"pitch": [-2.9170793047299743, 11.391254536985775, 207.63098600266088, 46.77559025098988], "energy": [-1.431044578552246, 8.184337615966797, 37.326216769490635, 26.04418076811263]}